header itemtypesettings,Id,GenSameStatPercent,GenSameStatBonusPct,GenGlobalScalingPercent,,,,,,,,,,
itemtypesettings,default,20,0,10,,,,,,,,,,
header itemtype,IdKey,Name,Desc,AtlasPrefix,Icon,Art,Armor,Resist,MinDam,MaxDam,EquipSlotId,IconCount,Flags,NameString
header effect,EntityTypeId,EntityId,Quantity,,,,,,,,,,,
itemtype,1,Helm,,,Helmet,Helmet,3,0,0,0,head,3,0,Helm;Helmet;Cap;Crown;Hat;Circlet;Hood;Mask;Turban;Halo;Cover;Veil;Cowl;Coif;Headdress
,,,,,,,,,,,,,,
,,,,,,,,,,,,,,
itemtype,2,Shoulder,,,Shoulders,Shoulders,2,0,0,0,shoulder,3,0,Shoulderguards;Pauldrons;Shoulders;Spaulders;Mantle;Amice;Pads;Epaulets
,,,,,,,,,,,,,,
,,,,,,,,,,,,,,
itemtype,3,Chest,,,Chest,Chest,5,0,0,0,torso,3,0,Robe;Vestments;Chainmail;Plate;Breastplate;Tunic;Hauberk;Jerkin;Chest;Chestguard;Vest;Chestpiece
,,,,,,,,,,,,,,
,,,,,,,,,,,,,,
itemtype,5,Gloves,,,Gloves,Gloves,3,0,0,0,hands,3,0,Gloves;Gauntlets;Wristguards
,,,,,,,,,,,,,,
,,,,,,,,,,,,,,
itemtype,4,Bracers,,,Bracers,Bracers,1,0,0,0,wrists,3,0,Bracer;Bracers;Wristguards;Bindings;Wraps;Wrists;Vambraces
,,,,,,,,,,,,,,
,,,,,,,,,,,,,,
itemtype,6,Belt,,,Belt,Belt,1,0,0,0,waist,3,0,Belt;Cord;Waistguard;Sash;Girdle
,,,,,,,,,,,,,,
,,,,,,,,,,,,,,
itemtype,7,Pants,,,Pants,Pants,4,0,0,0,legs,3,0,Pants;Leggings;Legguards;Leggings;Legplates;Trousers
,,,,,,,,,,,,,,
,,,,,,,,,,,,,,
itemtype,8,Boots,,,Boots,Boots,3,0,0,0,feet,3,0,Boots;Shoes;Slippers;Sabatons;Sandals;Greaves;Footwraps
,,,,,,,,,,,,,,
,,,,,,,,,,,,,,
itemtype,9,Cloak,,,Cloak,Cloak,2,0,0,0,back,3,0,Cloak;Cape;Drape;Hide;Veil
,,,,,,,,,,,,,,
,,,,,,,,,,,,,,
itemtype,10,Necklace,,,Necklace,Necklace,0,4,0,0,neck,3,0,Necklace;Choker;Chain;Amulet;Pendant;Talisman;Collar;Medallion
,,,,,,,,,,,,,,
,,,,,,,,,,,,,,
itemtype,11,Ring,,,Ring,Ring,0,2,0,0,leftfinger,3,0,Ring;Band;Circle;Hoop;Loop
,,,,,,,,,,,,,,
,,,,,,,,,,,,,,
itemtype,12,Trinket,,,Jewelry,Jewelry,0,2,0,0,jewelry1,3,0,Trinket;Gem;Book;Talisman;Insignia;Medal;Mark;Badge;Brooch;Charm;Shard;Crystal;Rune;Scarab;Memento;Bauble;Gizmo
,,,,,,,,,,,,,,
,,,,,,,,,,,,,,
itemtype,13,Sword,,,Sword,Sword,0,0,1,9,mainhand,3,0,Sword;Blade;Longsword;Warblade;Slicer;Reaver;Sabre
effect,rolescaling,melee,100,,,,,,,,,,,
effect,rolescaling,spelldam,40,,,,,,,,,,,
,,,,,,,,,,,,,,
,,,,,,,,,,,,,,
itemtype,14,Axe,,,Axe,Axe,0,0,2,8,mainhand,3,0,Axe;Chopper;Destroyer;Hacker;Scythe
effect,rolescaling,melee,100,,,,,,,,,,,
effect,rolescaling,spelldam,20,,,,,,,,,,,
effect,rolescaling,healing,20,,,,,,,,,,,
effect,rolescaling,ranged,20,,,,,,,,,,,
,,,,,,,,,,,,,,
,,,,,,,,,,,,,,
itemtype,15,Mace,,,Mace,Mace,0,0,3,7,mainhand,3,0,Mace;Hammer;Maul;Smasher;Warhammer;Rod;Scepter;Basher;Bludgeon;Crusher;Shillellagh
effect,rolescaling,melee,100,,,,,,,,,,,
effect,rolescaling,healing,50,,,,,,,,,,,
,,,,,,,,,,,,,,
,,,,,,,,,,,,,,
itemtype,16,Spear,,,Spear,Spear,0,0,1,7,mainhand,3,0,Spear;Poker
effect,rolescaling,melee,100,,,,,,,,,,,
effect,rolescaling,ranged,50,,,,,,,,,,,
,,,,,,,,,,,,,,
,,,,,,,,,,,,,,
itemtype,17,Dagger,,,Dagger,Dagger,0,0,2,5,mainhand,3,0,Dagger;Knife;Carver;Blade;Shiv;Fang;Tooth
effect,rolescaling,melee,100,,,,,,,,,,,
effect,rolescaling,spelldam,30,,,,,,,,,,,
effect,rolescaling,healing,30,,,,,,,,,,,
,,,,,,,,,,,,,,
itemtype,18,2HSword,,,SwordTwo,SwordTwo,0,0,3,17,mainhand,3,1,Sword;Blade;Longsword;Bastard Sword;Two-Handed Sword;Claymore;Greatblade
effect,rolescaling,melee,100,,,,,,,,,,,
effect,rolescaling,spelldam,40,,,,,,,,,,,
,,,,,,,,,,,,,,
,,,,,,,,,,,,,,
itemtype,19,2HAxe,,,AxeTwo,AxeTwo,0,0,5,15,mainhand,3,1,Axe;Greataxe;Ripper;Reaver;Crescent;Cleaver;Edge;Reaper;Butcher;Battle Axe;Decapitator;Executor
effect,rolescaling,melee,100,,,,,,,,,,,
effect,rolescaling,spelldam,20,,,,,,,,,,,
effect,rolescaling,healing,20,,,,,,,,,,,
effect,rolescaling,ranged,20,,,,,,,,,,,
,,,,,,,,,,,,,,
itemtype,20,2HMace,,,MaceTwo,MaceTwo,0,0,7,13,mainhand,3,1,Hammer;Mace;Maul;Fist;Smasher;Pummeler;Breaker;Crusher;Bludgeon;Shillelagh;Rod
effect,rolescaling,melee,100,,,,,,,,,,,
effect,rolescaling,healing,50,,,,,,,,,,,
,,,,,,,,,,,,,,
,,,,,,,,,,,,,,
itemtype,21,Staff,,,Staff,Staff,0,0,4,10,mainhand,3,1,Staff;Rod;Greatstaff;Stick;Scythe;Quarterstaff
effect,rolescaling,melee,100,,,,,,,,,,,
effect,rolescaling,spelldam,30,,,,,,,,,,,
effect,rolescaling,healing,30,,,,,,,,,,,
,,,,,,,,,,,,,,
itemtype,22,Polearm,,,Polearm,Polearm,0,0,1,19,mainhand,3,1,Polearm;Halberd;Scythe;Glaive;Poleaxe;Longspear;Pike
effect,rolescaling,melee,100,,,,,,,,,,,
effect,rolescaling,spelldam,20,,,,,,,,,,,
effect,rolescaling,healing,20,,,,,,,,,,,
effect,rolescaling,ranged,20,,,,,,,,,,,
,,,,,,,,,,,,,,
itemtype,23,Shield,,,Shield,Shield,8,2,1,5,offhand,3,0,Shield;Aegis;Disk;Defender;Blocker;Guard;Buckler
effect,rolescaling,defense,100,,,,,,,,,,,
,,,,,,,,,,,,,,
,,,,,,,,,,,,,,
,,,,,,,,,,,,,,
itemtype,24,Orb,,,Orb,Orb,0,4,1,4,offhand,3,0,Stone;Focus;Crystal;Fetish;Orb;Cane;Rod
effect,rolescaling,spelldam,100,,,,,,,,,,,
,,,,,,,,,,,,,,
,,,,,,,,,,,,,,
,,,,,,,,,,,,,,
itemtype,25,Tome,,,Tome,Tome,0,4,1,3,offhand,3,0,Tome;Libram;Lexicon;Book;Grimoire
effect,rolescaling,healing,100,,,,,,,,,,,
,,,,,,,,,,,,,,
,,,,,,,,,,,,,,
,,,,,,,,,,,,,,
itemtype,26,Quiver,,,Quiver,Quiver,2,2,1,4,offhand,3,0,Quiver;Holder;Pouch;
effect,rolescaling,ranged,100,,,,,,,,,,,
,,,,,,,,,,,,,,
,,,,,,,,,,,,,,
,,,,,,,,,,,,,,
itemtype,27,Bow,,,Bow,Bow,0,0,3,14,ranged,3,0,Bow;Longbow;Crossbow;Longbow;Recurve Bow;Hunting Bow;Shooter
effect,rolescaling,ranged,100,,,,,,,,,,,
,,,,,,,,,,,,,,
,,,,,,,,,,,,,,
,,,,,,,,,,,,,,
itemtype,28,Thrown,,,Thrown,Thrown,0,0,1,7,ranged,3,0,Wand;Zapper;Eldrich Branch
effect,rolescaling,ranged,100,,,,,,,,,,,
effect,rolescaling,melee,50,,,,,,,,,,,
,,,,,,,,,,,,,,
,,,,,,,,,,,,,,
itemtype,29,Wand,,,Wand,Wand,0,0,1,9,ranged,3,0,Wand;Stalk;Torch;Touch;Rod
effect,rolescaling,ranged,100,,,,,,,,,,,
effect,rolescaling,spelldam,50,,,,,,,,,,,
,,,,,,,,,,,,,,
,,,,,,,,,,,,,,
itemtype,30,Gun,,,Gun,Gun,0,0,1,5,ranged,3,0,Rifle;Gun;Musket;Longrifle;Shotgun
effect,rolescaling,ranged,100,,,,,,,,,,,
effect,rolescaling,defense,50,,,,,,,,,,,
,,,,,,,,,,,,,,
,,,,,,,,,,,,,,
itemtype,31,Sling,,,Sling,Sling,0,0,1,4,ranged,3,0,Sling
effect,rolescaling,ranged,100,,,,,,,,,,,
effect,rolescaling,healing,50,,,,,,,,,,,